Architecture,True_AUROC,RBF_Predicted,Matern_Predicted,RBF_Error,Matern_Error
CNN,0.92530745,0.92185795,0.9220962,-0.0034494996,-0.0032112598
ViT,0.95950705,0.94102186,0.94136655,-0.018485188,-0.018140495
ResNet,0.94509983,0.92474025,0.9257673,-0.020359576,-0.019332528
MLP,0.87521106,0.88348246,0.88447535,0.008271396,0.00926429
